,item_name,main_category,sub_category,unit_buying_price,unit_selling_price,unit_price_margin,quantity,revenue,profit
2,1Lt Coconut Oil Ver,Pantry Staples,Oil,0.0,14.0,14.0,10.0,140.0,126.0
10,Al Nakhil Tahina 454G,Pantry Staples,Grains And Pulses,4.0,4.990000000000003,0.9900000000000001,45.0,224.55000000000013,44.550000000000004
16,Amami Papadam,Pantry Staples,Grains And Pulses,1.1499999999999992,1.9900000000000007,0.84,34.0,67.66000000000001,26.88
18,Ambarella Chutney Dera,Pantry Staples,Pickle,3.399999999999999,4.990000000000001,1.59,13.0,64.87000000000002,20.67
20,Amberella Curry,Pantry Staples,Sauce,3.9500000000000015,5.489999999999998,1.5399999999999994,29.0,159.21000000000004,38.499999999999986
43,Atta 1Kg Pattu,Pantry Staples,Flour,1.75,2.990000000000001,1.2399999999999998,16.0,47.84000000000002,19.839999999999996
44,Atta 5Kg Dia,Pantry Staples,Flour,5.950000000000001,7.99,2.0399999999999996,10.0,79.9,20.399999999999995
45,Atta Chakki Fresh,Pantry Staples,Flour,1.85,2.5,0.6500000000000001,11.0,27.5,6.500000000000001
46,Attiki Honey 500G,Pantry Staples,Condiments,12.0,15.0,3.0,24.0,360.0,66.0
59,Baking Powder 50G,Pantry Staples,Baking,1.2,1.99,0.79,2.0,3.98,1.58
60,Balsamic Vinegar 500Ml,Pantry Staples,Vinegar,3.0,3.990000000000001,0.9900000000000001,7.0,27.930000000000007,6.930000000000001
69,Basil Seed 100G(Casa Casa),Pantry Staples,Spices,3.0,3.9900000000000015,0.9900000000000001,16.0,63.840000000000025,15.840000000000002
76,Basmathi 1Kg Monsoon,Pantry Staples,Rice,1.75,2.990000000000001,1.2399999999999995,19.0,56.810000000000024,23.55999999999999
77,Basmathi Rice Golden Sella 1Kg,Pantry Staples,Rice,2.899999999999999,3.9900000000000015,1.09,18.0,71.82000000000001,15.26
91,Biriyani Mix 50G,Pantry Staples,Spices,0.0,2.5,2.5,5.0,12.5,12.5
92,Biryani Masala 200G,Pantry Staples,Spices,0.0,3.0,3.0,11.0,33.0,30.0
98,Black Pepper 150G Dera,Pantry Staples,Spices,4.299999999999999,5.5,1.1999999999999997,14.0,77.0,16.799999999999997
99,Black Pepper 200G Kandyan,Pantry Staples,Spices,3.5,4.99,1.49,3.0,14.97,4.47
100,Black Pepper Crushed100G,Pantry Staples,Spices,2.3000000000000003,3.9900000000000015,1.6900000000000002,13.0,51.87000000000001,20.28
102,Black Pepper Whole100G,Pantry Staples,Spices,1.1,2.7181818179999997,1.618181818,18.0,48.927272724,29.127272724
104,Black Sesame Seeds 500G,Pantry Staples,Spices,4.0,5.29,1.2900000000000003,7.0,37.03,9.030000000000001
116,Breadfruit In Brine Serendib,Pantry Staples,Condiments,2.85,3.9900000000000007,1.14,5.0,19.950000000000003,5.699999999999999
117,Brinjal Moju Serendib 250G,Pantry Staples,Pickle,2.9500000000000015,3.989999999999999,1.0399999999999994,33.0,131.66999999999993,29.119999999999983
118,Brinjal Pickle 400G,Pantry Staples,Pickle,3.95,5.2,1.25,4.0,20.8,5.0
119,Brinjol Moju Deran,Pantry Staples,Pickle,4.0,5.990000000000001,1.99,8.0,47.92000000000001,15.92
120,Briyani Masala 200G,Pantry Staples,Spices,2.25,3.0,0.75,10.0,30.0,7.5
121,Broad Beans 500G,Pantry Staples,Pulses And Grains,1.7999999999999985,2.489999999999999,0.6900000000000004,46.0,114.53999999999995,31.05000000000002
127,Brown Rice1Kg,Pantry Staples,Rice,0.0,3.6272727270000003,3.6272727270000003,9.0,32.645454543,25.390909089
128,Bruschetta Ai Peperoni,Pantry Staples,Condiments,4.0,4.99,0.99,1.0,4.99,0.99
129,Bruschetta Al Pomodoro,Pantry Staples,Condiments,4.0,4.99,0.99,4.0,19.96,3.96
130,Bruschetta All Aglio,Pantry Staples,Condiments,4.0,4.99,0.99,2.0,9.98,1.98
131,Bruschetta Alle Verdure,Pantry Staples,Pickle,4.0,4.99,0.9899999999999999,3.0,14.97,2.9699999999999998
136,Buriyani Mix La,Pantry Staples,Spices,3.3500000000000005,4.990000000000001,1.6400000000000001,9.0,44.91000000000001,13.120000000000001
157,Captain Jack Mackerel 800G,Pantry Staples,Canned Fish,7.0,8.699999999999996,1.7000000000000008,33.0,287.09999999999985,54.40000000000003
158,Captain Jack Mackerl 400G,Pantry Staples,Canned Fish,3.5,4.49,0.9899999999999999,19.0,85.31,18.81
160,Cardamon Pods 100G,Pantry Staples,Grains And Pulses,3.8,4.99,1.19,1.0,4.99,1.19
161,Cardmon Pods 200G,Pantry Staples,Spices,7.200000000000002,9.5,2.3,16.0,152.0,36.8
165,Cashew Curry Seran,Pantry Staples,Sauce,4.95,5.95,1.0,6.0,35.7,6.0
166,Cashew Nuts 200G,Pantry Staples,Sauce,4.759999999999999,5.799999999999999,1.04,7.0,40.599999999999994,7.28
182,Chia Seeds 250G,Pantry Staples,Grains And Pulses,4.5,5.99,1.4899999999999998,15.0,89.84999999999998,20.859999999999996
183,Chick Pea Flour 1Kg Pattu,Pantry Staples,Flour,2.5,3.99,1.4900000000000004,40.0,159.6,58.11000000000002
187,Chicken Curry Mix La,Pantry Staples,Spices,3.100000000000001,3.9900000000000015,0.8900000000000001,11.0,43.890000000000015,9.790000000000001
188,Chicken Masala 200G,Pantry Staples,Spices,1.85,2.5,0.6500000000000001,11.0,27.5,7.150000000000001
189,Chicken Masala 50G,Pantry Staples,Spices,2.0,2.5,0.5,12.0,30.0,6.0
196,Chilli Checkpes 300G,Pantry Staples,Grains And Pulses,1.8000000000000003,3.990000000000001,2.1900000000000004,13.0,51.87000000000002,21.900000000000002
197,Chilli Crushed 250G Kandyan,Pantry Staples,Spices,2.0,3.9900000000000007,1.9899999999999998,20.0,79.8,37.809999999999995
201,Chilli Paste Veg,Pantry Staples,Spices,4.200000000000001,5.990000000000001,1.7899999999999996,10.0,59.90000000000001,17.899999999999995
202,Chilli Pieces Sera,Pantry Staples,Spices,1.6000000000000005,2.6000000000000005,1.0,26.0,67.60000000000001,26.0
203,Chilli Powder Unr 200G,Pantry Staples,Spices,2.2,3.181818182,0.981818182,4.0,12.727272728,3.927272728
207,Chinese Chilli Paste 300G,Pantry Staples,Spices,4.25,5.989999999999999,1.74,3.0,17.97,5.22
217,Cic Red Lit Basmathi 5Kg,Pantry Staples,Rice,13.0,17.0,4.0,11.0,187.0,40.0
218,Cinnamon 15G,Pantry Staples,Spices,0.8000000000000004,1.2999999999999992,0.5,42.0,54.59999999999998,19.0
219,Cinnamon 50G Kandyan,Pantry Staples,Spices,2.3,3.5,1.2,1.0,3.5,1.2
220,Cinnamon Powder 250G,Pantry Staples,Spices,2.0,3.4899999999999993,1.49,29.0,101.20999999999998,43.21
221,Cinnamon Quills100G,Pantry Staples,Spices,2.7999999999999985,3.9899999999999993,1.1899999999999997,35.0,139.64999999999998,41.64999999999999
223,Clove Whole 100G,Pantry Staples,Spices,2.4,4.5,2.1,7.0,31.5,14.7
224,Cloves 200G,Pantry Staples,Spices,4.0,5.989999999999999,1.9899999999999993,16.0,95.83999999999999,31.83999999999999
225,Cloves Whole 30G,Pantry Staples,Spices,1.1999999999999997,2.990000000000001,1.7899999999999996,18.0,53.82000000000002,32.21999999999999
234,Coconut Oil 300Ml Serendib,Pantry Staples,Oil,2.5,4.5,2.0,4.0,18.0,8.0
235,Coconut Sambol Red La,Pantry Staples,Coconut Products,3.45,4.3999999999999995,0.95,10.0,43.99999999999999,9.5
236,Coconut Sambol Veg La,Pantry Staples,Coconut Products,3.100000000000001,3.99,0.8900000000000002,21.0,83.79,18.690000000000005
239,Colavita Olive Oil 500Ml,Pantry Staples,Oil,5.0,6.490000000000002,1.4900000000000002,34.0,220.66000000000008,50.66000000000001
248,Coriader Whole 250G,Pantry Staples,Spices,1.9499999999999995,3.9900000000000015,2.0399999999999996,15.0,59.85000000000002,30.59999999999999
250,Coriander Seed 500G,Pantry Staples,Spices,2.75,3.990000000000001,1.24,10.0,39.90000000000001,12.4
251,Coriander Seeds 100G,Pantry Staples,Spices,1.2199999999999995,2.9899999999999993,1.7700000000000011,34.0,101.65999999999998,56.640000000000036
254,Corn Flour White 500G,Pantry Staples,Flour,1.3999999999999995,2.399999999999999,1.0,26.0,62.39999999999998,26.0
255,Corriander Ground 200G,Pantry Staples,Spices,2.7999999999999985,4.489999999999998,1.6899999999999995,28.0,125.71999999999996,47.319999999999986
257,Cous Cous Pearl 300G,Pantry Staples,Grains And Pulses,1.9399999999999988,2.989999999999999,1.0499999999999998,38.0,113.61999999999996,38.849999999999994
258,Cous Cous Wholemeal 450G,Pantry Staples,Grains And Pulses,1.9399999999999993,2.99,1.0500000000000005,28.0,83.72,27.30000000000001
271,Cumin Ground 200G,Pantry Staples,Spices,2.1999999999999997,3.9900000000000015,1.7899999999999994,12.0,47.88000000000002,21.479999999999993
272,Cumin Ground 50G,Pantry Staples,Spices,1.1999999999999995,2.5,1.3000000000000005,24.0,60.0,31.20000000000001
273,Cumin Powder 100G,Pantry Staples,Spices,0.0,2.99,2.99,1.0,2.99,2.99
277,Curry Powder250G Kandyan,Pantry Staples,Sauces,2.0,3.9900000000000007,1.9899999999999998,21.0,83.79000000000002,39.8
280,Daawat 20Kg,Pantry Staples,Rice,31.0,40.0,9.0,4.0,160.0,36.0
281,Daawat Biriyani Rice 5Kg,Pantry Staples,Rice,17.5,22.0,4.5,14.0,308.0,63.0
283,Daawat Super Basmathi 6.5Kg,Pantry Staples,Rice,17.5,22.5,5.0,5.0,112.5,25.0
289,Dawaat Traditional Rice 5Kg,Pantry Staples,Rice,15.0,17.99,2.99,2.0,35.98,5.98
290,Dearana Kohila Dalu Curry 350G,Pantry Staples,Sauces,3.700000000000002,4.989999999999998,1.2899999999999994,29.0,144.71,34.829999999999984
291,Dearana Kooni Sambol 275G,Pantry Staples,Spices,4.900000000000002,6.990000000000001,2.090000000000001,24.0,167.76000000000002,50.160000000000025
294,Delmage Jack Ma 425G,Pantry Staples,Canned Fish,3.5,4.5,1.0,20.0,90.0,16.0
295,Delmage Jack Mackerel 400G,Pantry Staples,Canned Fish,3.75,4.75,1.0,40.0,190.0,34.0
300,Derana Anguluwa Dried Fish 200G,Pantry Staples,Condiments,3.75,4.75,1.0,19.0,90.25,19.0
301,Derana Basmathi 10Kg,Pantry Staples,Rice,22.5,29.0,6.5,6.0,174.0,39.0
303,Derana Bbq Sauce 350Ml,Pantry Staples,Sauces,2.4,3.99,1.59,1.0,3.99,1.59
304,Derana Beef Curry Mix 375G,Pantry Staples,Spices,2.899999999999999,4.99,2.09,16.0,79.83999999999999,31.349999999999998
307,Derana Buriyani Mix 375G,Pantry Staples,Spices,3.4000000000000026,4.990000000000003,1.5900000000000019,47.0,234.5300000000001,71.55000000000008
311,Derana Chilli Pieces 250G,Pantry Staples,Spices,1.9500000000000004,2.5900000000000016,0.6400000000000002,23.0,59.570000000000036,14.720000000000004
312,Derana Chilli Pieces 500G,Pantry Staples,Spices,3.899999999999999,5.1,1.1999999999999997,16.0,81.6,19.199999999999996
313,Derana Chilli Powder 250G,Pantry Staples,Spices,1.9500000000000008,2.590000000000002,0.6400000000000002,29.0,75.11000000000006,18.560000000000006
314,Derana Chilli Powder 500G,Pantry Staples,Spices,3.9000000000000026,5.099999999999996,1.2000000000000006,39.0,198.89999999999986,46.800000000000026
315,Derana Chilli Sauce 350Ml,Pantry Staples,Sauces,2.4,3.5,1.1,1.0,3.5,1.1
317,Derana Coconut Cream 400Ml,Pantry Staples,Coconut Products,1.6,2.2000000000000015,0.6000000000000004,44.0,96.80000000000007,26.40000000000002
319,Derana Coconut Vinegar 750Ml,Pantry Staples,Vinegar,1.9499999999999995,2.6900000000000004,0.7400000000000001,15.0,40.35,9.620000000000001
320,Derana Coconut Viniger 350Ml,Pantry Staples,Vinegar,1.0999999999999999,1.75,0.6500000000000001,14.0,24.5,8.450000000000001
322,Derana Curry Powder 500G,Pantry Staples,Spices,3.899999999999999,5.1,1.1999999999999997,17.0,86.69999999999999,20.399999999999995
323,Derana Dried Prawns 175G,Pantry Staples,Condiment,3.6500000000000017,4.700000000000001,1.0500000000000005,30.0,141.00000000000003,30.450000000000014
324,Derana Dry Seeni Samble 325G,Pantry Staples,Sauce,4.950000000000001,6.489999999999998,1.5399999999999996,18.0,116.81999999999996,27.71999999999999
325,Derana Fish Abulthiyal 300G,Pantry Staples,Sauce,5.949999999999997,7.990000000000004,2.04,34.0,271.66000000000014,69.36
326,Derana Fried Katta 200G,Pantry Staples,Sauce,4.949999999999998,6.990000000000004,2.0400000000000005,38.0,265.6200000000001,73.44000000000001
327,Derana Fried Sprat 175G,Pantry Staples,Sardines,4.949999999999997,6.990000000000004,2.0400000000000014,45.0,314.5500000000002,91.80000000000007
328,Derana Fried Thalapath 200G,Pantry Staples,Sauce,5.900000000000003,7.990000000000004,2.0900000000000016,33.0,263.67000000000013,68.97000000000006
331,Derana Ginger Minced 1Kg,Pantry Staples,Condiments,4.799999999999998,6.990000000000001,2.1899999999999995,25.0,174.75000000000003,54.749999999999986
333,Derana Goraka Pieces 100G,Pantry Staples,Condiments,1.7999999999999987,3.5,1.700000000000001,36.0,126.0,61.20000000000004
334,Derana Hand Pou.Parb Red 5Kg,Pantry Staples,Rice,10.8,14.1,3.3,2.0,28.2,6.6
335,Derana Hand Pou.Parb.Red 1Kg,Pantry Staples,Rice,2.35,3.55,1.2,2.0,7.1,2.4
336,Derana Indian Basmathi 10Kg,Pantry Staples,Rice,24.650000000000002,30.0,5.3500000000000005,7.0,210.0,37.45
337,Derana Indian Basmathi 20Kg,Pantry Staples,Rice,37.0,43.0,6.0,2.0,86.0,12.0
338,Derana Indian Basmathi 5Kg,Pantry Staples,Rice,12.400000000000002,15.990000000000004,3.590000000000002,23.0,367.7700000000001,82.57000000000005
340,Derana Jaffna Curry Powder 350G,Pantry Staples,Spices,4.299999999999998,5.599999999999998,1.3000000000000003,26.0,145.59999999999994,33.800000000000004
341,Derana Katta Curry 325G,Pantry Staples,Sauces,4.9,6.989999999999998,2.09,17.0,118.82999999999997,35.53
343,Derana Keeri Samba 1Kg,Pantry Staples,Rice,2.7999999999999985,3.989999999999999,1.1900000000000002,29.0,115.70999999999997,34.510000000000005
344,Derana Keeri Samba 5Kg,Pantry Staples,Rice,13.599999999999996,17.5,3.8999999999999995,18.0,315.0,70.19999999999999
345,Derana Kithul Jaggary 450G,Pantry Staples,Sugar,5.900000000000002,7.7,1.8,22.0,169.39999999999998,34.2
346,Derana Kohila Curry,Pantry Staples,Sauces,3.7999999999999985,4.89,1.09,19.0,92.91,20.71
347,Derana Lime Pickle Sambol 400G,Pantry Staples,Pickle,3.7999999999999985,4.790000000000003,0.9899999999999997,23.0,110.17000000000006,22.769999999999992
349,Derana Lite Basmathi 5Kg,Pantry Staples,Rice,13.400000000000004,17.0,3.600000000000001,16.0,272.0,54.000000000000014
350,Derana Lunumiris,Pantry Staples,Sauce,3.7000000000000015,4.799999999999998,1.1000000000000003,22.0,105.59999999999997,24.200000000000006
352,Derana Maldive F Sambol 200G,Pantry Staples,Sauce,4.950000000000001,6.989999999999999,2.0399999999999996,21.0,146.79,42.83999999999999
353,Derana Mango Curry 350G,Pantry Staples,Sauces,3.799999999999998,5.490000000000001,1.6899999999999993,31.0,170.19000000000003,52.38999999999998
354,Derana Mixed Fruit Jam 450G,Pantry Staples,Condiments,2.7999999999999994,3.49,0.69,3.0,10.47,2.07
355,Derana Mustard Powder 200G,Pantry Staples,Spices,1.95,3.9900000000000007,2.0399999999999996,21.0,83.79000000000002,40.79999999999999
357,Derana Mutton Curry Mix 350G,Pantry Staples,Spices,2.8999999999999995,4.990000000000001,2.09,11.0,54.890000000000015,20.9
358,Derana Panna Dried Fish 200G,Pantry Staples,Dried Fish,3.8,4.8,1.0,5.0,24.0,5.0
359,Derana Papper Crush 200G,Pantry Staples,Spices,4.900000000000001,6.39,1.4899999999999993,21.0,134.19,31.289999999999985
360,Derana Paraw Dried Fish 200G,Pantry Staples,Dried Fish,3.9,5.989999999999999,2.09,4.0,23.96,6.27
361,Derana Parboiled 1Kg,Pantry Staples,Dried Fish,2.1,2.75,0.65,9.0,24.75,5.8500000000000005
362,Derana Paspanguwa 100G,Pantry Staples,Spices,2.25,3.0,0.75,16.0,48.0,9.0
364,Derana Pepper Powder 200G,Pantry Staples,Spices,4.8999999999999995,6.39,1.4899999999999998,14.0,89.46,20.859999999999996
365,Derana Polos Mallum 325G,Pantry Staples,Condiments,3.7,4.99,1.29,4.0,19.96,5.16
366,Derana Pork Curry Mix 350G,Pantry Staples,Spices,2.899999999999999,4.989999999999998,2.0900000000000007,23.0,114.76999999999997,48.07000000000002
367,Derana R/Chilli Powder 250G,Pantry Staples,Spices,2.3000000000000003,3.0,0.7000000000000001,6.0,18.0,4.2
369,Derana R/Curry Powder 250G,Pantry Staples,Spices,2.2000000000000015,2.9000000000000017,0.6999999999999995,40.0,116.00000000000007,27.999999999999982
370,Derana R/Curry Powder 500G,Pantry Staples,Spices,4.200000000000001,5.450000000000002,1.25,13.0,70.85000000000001,15.0
371,Derana Rasam Mix 300G,Pantry Staples,Spices,2.8999999999999995,4.5,1.5999999999999999,8.0,36.0,12.799999999999999
372,Derana Raw Rice 1Kg,Pantry Staples,Rice,2.1000000000000005,3.5,1.3999999999999992,31.0,108.5,43.39999999999998
373,Derana Red Basmathi 1Kg,Pantry Staples,Rice,2.900000000000002,3.9900000000000015,1.0900000000000012,46.0,183.54000000000008,50.14000000000006
374,Derana Red Basmathi 5Kg,Pantry Staples,Rice,13.4,18.400000000000002,5.0,6.0,110.4,30.0
375,Derana Red Raw Rice 5Kg,Pantry Staples,Rice,9.6,13.69,4.09,8.0,109.52,32.72
376,Derana Red S/H Flour 700G,Pantry Staples,Flour,1.5,1.9499999999999997,0.45000000000000007,7.0,13.649999999999999,3.1500000000000004
377,Derana Ros /Rice Flr Red 1Kg,Pantry Staples,Flour,2.1999999999999997,2.899999999999999,0.6999999999999998,18.0,52.19999999999999,11.199999999999998
378,Derana Sago 250G,Pantry Staples,Grains And Pulses,1.3500000000000003,2.5,1.15,3.0,7.5,3.4499999999999997
379,Derana Sago 500G,Pantry Staples,Grains And Pulses,2.5999999999999996,3.5,0.8999999999999996,30.0,105.0,26.999999999999986
382,Derana Soyameat Regular,Pantry Staples,Pulses And Grains,1.0,1.6899999999999997,0.69,9.0,15.209999999999997,6.209999999999999
383,Derana Suduru Samba 1Kg,Pantry Staples,Rice,3.399999999999999,4.989999999999999,1.59,19.0,94.81,28.62
384,Derana Tamarind Paste 400G,Pantry Staples,Sauces,3.6,4.99,1.39,5.0,24.950000000000003,6.949999999999999
386,Derana Tomato Sauce 350Ml,Pantry Staples,Sauces,2.4,3.99,1.59,1.0,3.99,1.59
387,Derana Veg Lunumiris 350G,Pantry Staples,Sauces,3.649999999999999,3.9900000000000015,0.3399999999999999,13.0,51.87000000000002,4.419999999999999
389,Derana Veg Seeni Sambol 350G,Pantry Staples,Sauces,4.299999999999998,6.489999999999999,2.1899999999999995,26.0,168.74,52.55999999999999
390,Derana Virgin Coconut Oil 300Ml,Pantry Staples,Oil,4.9,6.4,1.5,4.0,25.6,6.0
391,Derana White Keeri Samba 1Kg,Pantry Staples,Rice,2.8000000000000003,3.9900000000000015,1.1899999999999997,12.0,47.88000000000002,13.089999999999996
393,Derana White S/H Flour 700G,Pantry Staples,Flour,1.5,1.9499999999999997,0.45000000000000007,10.0,19.5,4.050000000000001
394,Derana Woodapple Cordial 750Ml,Pantry Staples,Sauces,4.5,4.990909091,0.490909091,1.0,4.990909091,0.490909091
395,Derana Woodapple Jam 450G,Pantry Staples,Condiments,2.8,3.99,1.19,2.0,7.98,2.38
396,Derana Yellow Rice Mix 350G,Pantry Staples,Rice,3.2000000000000006,4.5,1.3000000000000003,16.0,72.0,20.800000000000004
397,Devaaya 10Kg,Pantry Staples,Rice,19.75,28.0,8.25,37.0,1036.0,305.25
404,Dried Anguluwa Sera,Pantry Staples,Dried Fish,3.1,4.5,1.4,1.0,4.5,1.4
406,Dried Fish Katta 200G,Pantry Staples,Dried Fish,5.800000000000003,7.5,1.7000000000000013,46.0,345.0,76.50000000000006
407,Dried Hurulu 250G,Pantry Staples,Dried Fish,5.75,6.990000000000001,1.24,8.0,55.92000000000001,9.92
408,Dried Kooni Large,Pantry Staples,Dried Fish,5.75,7.5,1.75,7.0,52.5,12.25
409,Dried Kooni Small 250G,Pantry Staples,Dried Fish,5.5,7.5,2.0,7.0,52.5,14.0
410,Dried Mora 250G,Pantry Staples,Dried Fish,5.75,7.5,1.75,11.0,82.5,19.25
411,Dried Paraw 250G Agro,Pantry Staples,Dried Fish,6.0,7.5,1.5,28.0,210.0,42.0
412,Dried Prawns (Boil & Dried),Pantry Staples,Condiments,4.3,5.3,1.0,6.0,31.8,6.0
413,Dried Sprats 200G Lakmalu,Pantry Staples,Sardines,4.5,5.99,1.4899999999999998,14.0,83.86,20.859999999999996
414,Dried Thalapath 200G Derana,Pantry Staples,Dried Fish,5.950000000000002,7.5,1.5500000000000005,18.0,135.0,27.90000000000001
415,Dried Thora 250G,Pantry Staples,Condiments,5.75,7.5,1.75,8.0,60.0,10.5
435,Fava Beans 398Ml,Pantry Staples,Grains And Pulses,1.0,1.4000000000000001,0.39999999999999997,9.0,12.600000000000001,2.8
436,Fava Beans 500G,Pantry Staples,Grains And Pulses,1.1999999999999997,2.5,1.3000000000000003,19.0,47.5,22.100000000000005
438,Fennel Powder 100G,Pantry Staples,Spices,1.0999999999999999,2.718181818,1.618181818,16.0,43.490909088,25.890909088
440,Fennel Seeds 100G,Pantry Staples,Spices,2.0,2.99,0.9900000000000001,6.0,17.94,5.94
441,Fenugreek Seeds 100G,Pantry Staples,Spices,1.0,2.9899999999999998,1.9900000000000007,30.0,89.69999999999999,59.70000000000002
450,Fish Curry Mix 375G,Pantry Staples,Spices,2.8999999999999995,4.990000000000001,2.09,10.0,49.90000000000001,20.9
451,Fish Curry Mix La,Pantry Staples,Sauces,3.1,4.990000000000001,1.89,6.0,29.940000000000005,11.34
460,Fried Keeramin,Pantry Staples,Condiments,4.799999999999999,6.489999999999999,1.6900000000000002,14.0,90.85999999999999,20.28
461,Fried Onion & Maldive Fish Sambol,Pantry Staples,Condiment,4.950000000000002,7.990000000000002,3.0400000000000005,24.0,191.76000000000005,72.96000000000001
463,Fried Sprats 160G Kandy,Pantry Staples,Sardines,5.0,6.5,1.5,19.0,123.5,28.5
465,Funugreek Seed 50G,Pantry Staples,Spices,1.2000000000000002,1.9900000000000004,0.7899999999999995,36.0,71.64000000000001,26.069999999999983
468,Garam Masala 100G,Pantry Staples,Spices,1.9499999999999995,2.5,0.5499999999999999,11.0,27.5,6.049999999999999
469,Garam Masala Shan,Pantry Staples,Spices,0.0,3.0,3.0,12.0,36.0,36.0
475,Garlic Mince 350G Pattu,Pantry Staples,Pickle,2.57,3.490000000000001,0.92,7.0,24.430000000000007,6.44
476,Garlic Pickle,Pantry Staples,Pickle,2.0,2.990000000000001,0.9900000000000001,15.0,44.850000000000016,14.850000000000001
481,Ghee / Qbb 400G,Pantry Staples,Oil,7.150000000000004,8.5,1.3500000000000008,31.0,263.5,41.85000000000002
486,Ginger & Garlic 350G Pattu,Pantry Staples,Condiments,2.57,3.490000000000001,0.92,8.0,27.92000000000001,7.36
499,Goraka Paste Derana,Pantry Staples,Condiments,3.5999999999999983,4.989999999999998,1.3900000000000003,27.0,134.72999999999996,37.53000000000001
509,Green Coconut Sambol Rabeena,Pantry Staples,Sauces,3.25,5.5,2.25,34.0,187.0,69.75
536,Icing Gem 200G,Pantry Staples,Sugar,0.85,1.5454545449999992,0.6954545450000004,25.0,38.63636362499998,15.299999990000007
537,Icing Sugar 500G,Pantry Staples,Sugar,1.4,2.29,0.89,1.0,2.29,0.89
538,Idly Rice 1Kg,Pantry Staples,Rice,2.5,3.2899999999999996,0.7900000000000001,14.0,46.059999999999995,8.690000000000001
539,India Gate Sella 5Kg,Pantry Staples,Grapes,11.99,13.99,2.0,6.0,83.94,12.0
540,India Gate Super 10Kg,Pantry Staples,Rice,32.0,42.0,10.0,2.0,84.0,20.0
541,Indian Gate Classic 5Kg,Pantry Staples,Rice,19.0,24.5,5.5,25.0,612.5,132.0
542,Indian Gate Super 6.250Kg,Pantry Staples,Rice,18.0,23.5,5.5,21.0,493.5,115.5
546,Jak Mallum In Brine Arali,Pantry Staples,Condiments,2.9099999999999993,4.490000000000001,1.5799999999999996,15.0,67.35000000000002,23.699999999999996
554,Karapincha Porridge 50G,Pantry Staples,Dry,1.0999999999999999,1.5999999999999999,0.5,16.0,25.60000000000001,6.0
557,Keeramin Large200G Sera,Pantry Staples,Sardines,3.1000000000000005,4.5,1.4000000000000001,10.0,45.0,14.000000000000002
558,Keeramin Small 200G Sera,Pantry Staples,Sardines,4.1000000000000005,4.5,0.4,15.0,67.5,5.2
566,Kist Chilli Paste325G,Pantry Staples,Spices,4.5500000000000025,5.445454544999996,0.895454545,45.0,245.04545452499983,37.60909089
567,Kist Pineapple Jam 300G,Pantry Staples,Condiments,2.0,2.8,0.8,2.0,5.6,1.6
568,Kithul Jaggery 300G,Pantry Staples,Sugar,3.8,4.990000000000001,1.1899999999999997,11.0,54.890000000000015,13.089999999999996
569,Kithul Jaggery 500G Se,Pantry Staples,Sugar,4.25,5.990000000000001,1.7399999999999998,16.0,95.84,19.139999999999997
570,Kithul Treacle360Ml,Pantry Staples,Sugar,3.5,4.536363636,1.036363636,2.0,9.072727272,2.072727272
578,Lal Qilla Basmathi 5Kg,Pantry Staples,Rice,18.0,23.0,5.0,4.0,92.0,20.0
580,Lasagna Sheets Large 250G,Pantry Staples,Pasta,1.3900000000000003,2.200000000000001,0.8099999999999997,33.0,72.60000000000005,25.109999999999992
596,Lima Beans 500G,Pantry Staples,Grains And Pulses,3.0,3.8,0.8,4.0,15.2,3.2
597,Lime Pickle 350G,Pantry Staples,Pickle,3.7,4.99,1.29,5.0,24.950000000000003,6.45
598,Lime Pickle La,Pantry Staples,Pickle,3.100000000000001,4.79,1.6900000000000002,14.0,67.06,23.660000000000004
605,Linseed Whole 500G,Pantry Staples,Spices,3.0,3.9900000000000015,0.9900000000000001,11.0,43.890000000000015,10.89
606,Lite R/Raw Samba1Kg,Pantry Staples,Rice,2.100000000000001,3.5,1.3999999999999995,25.0,87.5,34.999999999999986
607,Lite Red Raw Rice1Kg,Pantry Staples,Rice,2.899999999999999,3.7999999999999985,0.8999999999999999,21.0,79.79999999999997,18.9
608,Lite Red Raw Rice5Kg,Pantry Staples,Rice,9.8,12.5,2.7,4.0,50.0,10.8
609,Lite Red Raw Samba 5Kg,Pantry Staples,Rice,9.800000000000004,13.5,3.7000000000000015,23.0,310.5,81.40000000000003
613,Lotus In Brine Arali,Pantry Staples,Condiments,3.1999999999999997,4.990000000000001,1.7899999999999998,6.0,29.940000000000005,10.739999999999998
617,Macaroni 02,Pantry Staples,Pasta,1.7999999999999987,2.5999999999999983,0.8000000000000005,46.0,119.59999999999997,31.200000000000017
618,Macaroni 05,Pantry Staples,Pasta,1.7999999999999992,2.5999999999999996,0.8000000000000004,34.0,88.4,23.20000000000001
626,Malay Pickle Derana,Pantry Staples,Pickle,4.5,5.800000000000003,1.2999999999999992,40.0,232.00000000000017,49.39999999999997
642,Mangal Chicken Masala 100G,Pantry Staples,Masala,1.0,1.99,0.99,9.0,17.91,8.91
644,Mango Chutney 450G Der,Pantry Staples,Condiments,3.3999999999999995,4.989999999999999,1.59,21.0,104.78999999999998,33.39
645,Mango Chutney La,Pantry Staples,Condiments,3.1000000000000005,3.627272727,0.5272727269999999,10.0,36.27272727,5.27272727
653,Mastiha 15G,Pantry Staples,Spices,3.5,4.989999999999999,1.4899999999999993,23.0,114.77,29.799999999999986
654,Md Bbq Sauce 400Ml,Pantry Staples,Sauces,2.75,3.5,0.75,4.0,14.0,3.0
655,Md Belicream,Pantry Staples,Condiments,4.0,4.99,0.99,5.0,24.950000000000003,3.96
656,Md Bread Fruit In Brine,Pantry Staples,Condiments,2.9499999999999997,4.5,1.5500000000000003,7.0,31.5,10.850000000000001
657,Md Brinjal Curry,Pantry Staples,Sauces,4.75,6.29,1.54,3.0,18.87,4.62
658,Md Chilli & Garlic Sauce,Pantry Staples,Sauce,2.75,3.5,0.75,2.0,7.0,1.5
659,Md Chilli Paste 200G,Pantry Staples,Spices,3.189999999999999,3.5,0.3099999999999999,20.0,70.0,6.1999999999999975
660,Md Coconut Milk 400Ml,Pantry Staples,Coconut Products,1.0,1.9899999999999989,0.9900000000000002,47.0,93.52999999999994,46.53000000000001
661,Md Coconut Treacle,Pantry Staples,Coconut Products,6.0,7.5,1.5,7.0,52.5,10.5
663,Md Coconut Vinegar 350Ml,Pantry Staples,Vinegar,1.1000000000000003,1.9900000000000002,0.8900000000000002,23.0,45.77,20.470000000000006
664,Md Extra Hot Chilli Sauce,Pantry Staples,Sauce,2.75,3.5,0.75,49.0,171.5,36.75
665,Md Fresh Chilli & Vinegar,Pantry Staples,Vinegar,2.7,3.5,0.8,13.0,45.5,10.4
666,Md Green Chilli Sauce,Pantry Staples,Sauce,2.75,3.5,0.75,18.0,63.0,13.5
667,Md Kithul Juggery 500G,Pantry Staples,Sugar,8.5,9.081818182000003,0.5818181819999999,16.0,145.30909091200004,8.72727273
670,Md Maldive Fish 100G,Pantry Staples,Condiments,3.700000000000002,4.889999999999998,1.19,33.0,161.36999999999992,39.269999999999996
671,Md Mango Chutney,Pantry Staples,Sauces,2.7100000000000004,3.990000000000001,1.2799999999999998,10.0,39.90000000000001,12.799999999999999
673,Md Original Mango Chutney,Pantry Staples,Sauces,2.5599999999999996,3.9900000000000015,1.43,12.0,47.88000000000002,17.16
674,Md Pineapple Cordial,Pantry Staples,Sauces,4.5,5.445454544999999,0.9454545450000003,7.0,38.11818181499999,6.618181815000002
675,Md Sweet Chilli Sauce,Pantry Staples,Sauce,2.75,3.5,0.75,25.0,87.5,18.75
676,Md Tamarind Paste,Pantry Staples,Sauces,3.75,4.990000000000003,1.2400000000000004,47.0,234.53000000000014,58.28000000000002
677,Md Tomato Ketchup,Pantry Staples,Sauces,2.75,3.5,0.75,5.0,17.5,3.75
678,Md Tomato Sauce,Pantry Staples,Sauces,2.75,3.5,0.75,18.0,63.0,13.5
679,Md Woodapple Cream,Pantry Staples,Condiments,4.0,4.99,0.99,5.0,24.950000000000003,4.95
680,Md Woodapple Jam 785G,Pantry Staples,Condiments,2.75,3.490000000000001,0.7400000000000001,10.0,34.90000000000001,7.400000000000001
685,Meat Masala 200G,Pantry Staples,Spices,1.8500000000000005,2.5,0.6500000000000001,16.0,40.0,10.400000000000002
698,Mithas 5Kg,Pantry Staples,Rice,12.0,15.0,3.0,1.0,15.0,3.0
704,Mixed Fruit Jam300Gkist,Pantry Staples,Condiments,2.0,2.8,0.8,1.0,2.8,0.8
705,Mixed Herbal Porridge 50G,Pantry Staples,Dry,1.1,1.6,0.5,4.0,6.4,2.0
706,Monsoon Basmathi 5Kg,Pantry Staples,Rice,0.0,9.99,9.99,3.0,29.97,29.97
708,Mora Dried  200G Derana,Pantry Staples,Dried Fish,4.950000000000001,6.99,2.0399999999999996,11.0,76.89,22.439999999999994
711,Motha Mix Fruit Flavour Jelly,Pantry Staples,Condiments,1.1,1.45,0.3499999999999999,3.0,4.35,1.0499999999999998
712,Motha Strawberry Flavour Jelly100G,Pantry Staples,Sugar,1.1999999999999997,2.3999999999999995,1.1999999999999997,12.0,28.799999999999994,11.999999999999998
715,Mung Beans 1Kg Pattu,Pantry Staples,Pulses And Grains,0.0,3.5,3.5,11.0,38.5,38.5
717,Mung Dhall 1Kg,Pantry Staples,Grains And Pulses,2.2800000000000007,3.99,1.7100000000000006,22.0,87.78,37.62000000000001
718,Mung Split 1Kg Pattu,Pantry Staples,Grains And Pulses,3.15,3.9899999999999993,0.84,25.0,99.74999999999999,21.0
728,Mustard Cream 150G,Pantry Staples,Condiments,2.899999999999999,3.9900000000000015,1.09,12.0,47.88000000000002,13.08
730,Mustard Seed Brown 250G,Pantry Staples,Spices,1.5,5.0,3.5,27.0,135.0,91.0
731,Mustatd Sauce 375G,Pantry Staples,Sauces,4.1000000000000005,5.29,1.1899999999999997,12.0,63.48,14.279999999999996
732,Muth Samba 5Kg Araliya,Pantry Staples,Rice,8.64,11.989999999999998,3.350000000000001,11.0,131.89,36.85000000000001
733,Muthu Samba 5Kg Cic,Pantry Staples,Rice,12.24,15.5,3.26,2.0,31.0,6.52
734,Naga Pickle,Pantry Staples,Pickle,2.0,2.9900000000000007,0.9900000000000001,11.0,32.89000000000001,10.89
743,Nipuna Keeri Samba 5Kg,Pantry Staples,Rice,13.5,14.99,1.49,2.0,29.98,2.98
744,Nipuna Supiri Samba5Kg,Pantry Staples,Rice,14.0,17.5,3.5,6.0,105.0,17.5
745,Nutmeg,Pantry Staples,Spices,0.0,5.5,5.5,2.0,11.0,11.0
748,Olive Oil 1Lt Bal,Pantry Staples,Pasta,10.94,12.5,1.5600000000000003,10.0,125.0,15.600000000000003
749,Olive Oil 500Ml Bal,Pantry Staples,Pasta,5.909999999999998,7.5,1.59,15.0,112.5,23.85
750,Olive Oil Rusk,Pantry Staples,Oil,5.0,7.0,2.0,49.0,343.0,88.0
752,Olive Pickle 400G,Pantry Staples,Pickle,2.0,2.990000000000001,0.9899999999999999,19.0,56.810000000000024,18.81
769,Org.Coconut Milk 300G,Pantry Staples,Coconut Products,4.5,5.990000000000001,1.49,7.0,41.93000000000001,10.43
781,Paprika Hot 100G,Pantry Staples,Spices,1.25,1.9899999999999998,0.7400000000000001,10.0,19.9,7.400000000000001
782,Paprika Sweet 100G,Pantry Staples,Spices,1.799999999999999,2.5,0.6999999999999996,36.0,90.0,22.399999999999988
783,Paprika Sweet 200G,Pantry Staples,Spices,2.799999999999999,3.9899999999999993,1.1900000000000004,29.0,115.70999999999998,29.75000000000001
796,Pasta Sauce Arrbbiata,Pantry Staples,Sauces,4.0,4.99,0.9899999999999999,3.0,14.97,2.9699999999999998
797,Pasta Sause Basilico,Pantry Staples,Sauces,4.0,4.99,0.99,2.0,9.98,1.98
798,Pasta Sause Peperoni,Pantry Staples,Sauces,4.0,4.99,0.99,2.0,9.98,1.98
799,Pasta Sause Verdure,Pantry Staples,Sauces,4.0,4.99,0.99,1.0,4.99,0.99
800,Pasta Short,Pantry Staples,Pasta,3.5,5.0,1.5,2.0,10.0,1.5
819,Pecan Kernels 100G,Pantry Staples,Grains And Pulses,3.560000000000002,4.990000000000003,1.43,45.0,224.5500000000001,62.919999999999995
821,Pennaki1 81,Pantry Staples,Pasta,1.8000000000000003,2.6,0.7999999999999999,9.0,23.400000000000002,7.199999999999999
825,Pepper Corns Black 100G,Pantry Staples,Spices,2.75,3.6000000000000005,0.8499999999999999,8.0,28.800000000000004,6.799999999999999
826,Pepper Crushed 100G,Pantry Staples,Sauces,2.3500000000000005,3.5,1.1499999999999997,18.0,63.0,20.699999999999996
827,Pepper Kibbled 100G,Pantry Staples,Spices,2.899999999999999,3.7899999999999996,0.8900000000000001,11.0,41.69,9.790000000000001
828,Pepper Powder Wij 250G,Pantry Staples,Spices,6.949999999999998,8.990000000000002,2.0399999999999996,26.0,233.74000000000007,53.039999999999985
834,Pineapple Jam Kist300G,Pantry Staples,Condiments,2.0,2.799999999999999,0.8000000000000003,20.0,55.99999999999998,15.200000000000005
852,Polos Ambula 675G,Pantry Staples,Sauces,6.199999999999998,8.5,2.2999999999999985,28.0,238.0,64.39999999999996
853,Polos In Brine,Pantry Staples,Sauces,3.25,4.5,1.25,25.0,112.5,26.25
854,Polos Mellum In Brine 560G,Pantry Staples,Sauces,3.0,3.99,0.99,2.0,7.98,1.98
861,Potato Gnocchi,Pantry Staples,Pasta,2.0,2.5,0.5,21.0,52.5,9.5
868,Premium 5K Pattu,Pantry Staples,Rice,10.620000000000001,13.5,2.880000000000001,20.0,270.0,54.72000000000001
893,Rampe Leaves Dried 50G,Pantry Staples,Spices,1.4499999999999997,2.5,1.05,9.0,22.5,9.450000000000001
898,Raw Sugar 1Kg,Pantry Staples,Sugar,1.7999999999999998,2.299999999999999,0.5,22.0,50.59999999999998,11.0
899,Red Basmathi 5Kg Araliya,Pantry Staples,Rice,13.5,15.445454544999999,1.9454545449999998,3.0,46.336363635,5.836363635
900,Red Coconut Sambol,Pantry Staples,Sauces,3.400000000000002,5.5,2.099999999999999,44.0,242.0,88.19999999999996
904,Red Lentils Whole 500G (Skin Off),Pantry Staples,Grains And Pulses,2.0,2.89,0.8900000000000002,15.0,43.35,12.460000000000003
906,Red Parboiled Rice 1Kg Cic,Pantry Staples,Rice,2.4499999999999997,3.1999999999999997,0.75,8.0,25.599999999999998,6.0
908,Red Raw Rice 1Kg Cic,Pantry Staples,Rice,2.4499999999999997,3.990000000000001,1.5400000000000003,7.0,27.930000000000007,10.780000000000001
910,Red Raw Samba 5Kg Cic,Pantry Staples,Rice,10.5,12.99,2.49,3.0,38.97,7.470000000000001
911,Red Raw Samba1Kg,Pantry Staples,Rice,2.05,3.5,1.45,4.0,14.0,5.8
912,Red Rice Flour1Kg,Pantry Staples,Flour,2.1999999999999997,3.1999999999999997,1.0,13.0,41.6,12.0
916,Red Split Lentils 5Kg,Pantry Staples,Grains And Pulses,8.75,12.0,3.25,35.0,420.0,113.75
924,Rice Flour Unroasted Agro,Pantry Staples,Flour,3.25,4.5,1.25,29.0,130.5,36.25
925,Richmi Mora Dried Fish 150G,Pantry Staples,Condiments,4.900000000000002,7.5,2.6000000000000005,25.0,187.5,65.00000000000001
927,Risine Large 500G,Pantry Staples,Condiments,1.799999999999999,2.599999999999999,0.8000000000000004,35.0,90.99999999999997,24.80000000000001
928,Risoni Medium,Pantry Staples,Condiments,1.7999999999999987,2.5999999999999988,0.8000000000000004,36.0,93.59999999999995,28.800000000000015
929,Roasted Chilli 250G Ra,Pantry Staples,Spices,2.75,3.5,0.75,34.0,119.0,25.5
930,Roasted Curry Powder500G Kand,Pantry Staples,Spices,4.5,6.5,2.0,4.0,26.0,8.0
938,Rozana Basmati 5Kg,Pantry Staples,Rice,10.5,13.5,3.0,23.0,310.5,69.0
939,Rstd White Rice Flour 1Kg,Pantry Staples,Flour,3.0,4.29,1.2900000000000003,8.0,34.32,9.030000000000001
942,Sago 250G,Pantry Staples,Pulses And Grains,1.25,2.25,1.0,21.0,47.25,21.0
952,Seeni Sambol Kist,Pantry Staples,Spices,1.59,2.5,0.91,13.0,32.5,11.83
954,Sela Basmati 5Kg,Pantry Staples,Rice,11.5,15.0,3.5,46.0,690.0,161.0
957,Self Raising Flour 1Kg,Pantry Staples,Flour,1.5999999999999999,2.39,0.7900000000000001,12.0,28.680000000000003,8.690000000000001
958,Semolina 1Kg Fine Pattu,Pantry Staples,Flour,1.4,3.0,1.6,1.0,3.0,1.6
959,Semolina Coarse 1Kg,Pantry Staples,Flour,1.4,3.0,1.6,4.0,12.0,6.4
961,Semolina Fine 1Kg,Pantry Staples,Flour,1.5,3.0,1.5,16.0,48.0,24.0
964,Sesame Balls 200G Araliya,Pantry Staples,Grains And Pulses,4.400000000000001,5.0,0.5999999999999999,24.0,120.0,12.599999999999996
970,Sinhala Pickle 375G Md,Pantry Staples,Pickle,2.75,3.990000000000001,1.2399999999999995,18.0,71.82000000000002,22.319999999999993
975,Sona Masoori 5Kg,Pantry Staples,Rice,8.25,10.5,2.25,8.0,84.0,18.0
976,Soya Beans 500G,Pantry Staples,Pulses And Grains,2.3,3.2899999999999996,0.9900000000000001,16.0,52.63999999999999,15.840000000000002
981,Spaghettini 03,Pantry Staples,Pasta,0.0,0.9900000000000001,0.9900000000000001,11.0,10.89,10.89
982,Special White Flour 1Kg,Pantry Staples,Flour,1.6000000000000003,2.39,0.7899999999999997,21.0,50.190000000000005,15.799999999999994
984,Spicy Greenpeas 300G,Pantry Staples,Pulses And Grains,2.75,3.990000000000001,1.24,7.0,27.930000000000007,8.68
991,Sprats Ready To Cook,Pantry Staples,Sardines,5.200000000000001,6.989999999999998,1.7899999999999994,17.0,118.82999999999997,30.42999999999999
1004,Sun Dried Tomato 100G,Pantry Staples,Condiments,0.0,2.0,2.0,19.0,38.0,34.0
1007,Sunflower Oil 2Lt,Pantry Staples,Oil,4.8,6.5,1.7000000000000006,29.0,188.5,49.30000000000002
1012,Supiri Keeri Samba 5Kg Cic,Pantry Staples,Rice,11.5,14.5,3.0,3.0,43.5,9.0
1013,Suwadel Rice 1Kg,Pantry Staples,Rice,3.5499999999999994,4.6899999999999995,1.1400000000000001,12.0,56.279999999999994,13.680000000000001
1020,Swiss Roll Vanila,Pantry Staples,Sweet,1.7700000000000005,2.2272727269999995,0.45727272699999993,26.0,57.90909090199998,11.431818174999998
1022,Tamarind 100G,Pantry Staples,Spices,0.75,2.5,1.75,37.0,92.5,59.5
1023,Tamarind 200G,Pantry Staples,Spices,1.5,2.5,1.0,17.0,42.5,16.0
1024,Tamarind 200G Derana,Pantry Staples,Condiments,1.6999999999999997,2.99,1.29,8.0,23.92,10.32
1025,Tamarind 400G,Pantry Staples,Spices,3.3000000000000003,4.990000000000001,1.6899999999999997,8.0,39.92000000000001,13.519999999999998
1027,Tamarind Seedless 500G,Pantry Staples,Spices,6.0,7.489999999999999,1.49,12.0,89.88,17.88
1028,Tandoori Masala,Pantry Staples,Spices,0.0,3.0,3.0,8.0,24.0,12.0
1036,Tea Jack Madulu In Brine,Pantry Staples,Condiments,3.0,3.9900000000000007,0.9900000000000001,8.0,31.92,5.94
1037,Tea Jack Mellum In Brine,Pantry Staples,Pickle,3.0,3.990000000000001,0.9900000000000001,8.0,31.92000000000001,6.930000000000001
1043,Thalapath 150G Richmi,Pantry Staples,Dried Fish,5.599999999999999,7.5,1.8999999999999995,17.0,127.5,32.29999999999999
1045,Thora Dried Derana,Pantry Staples,Dried Fish,0.0,6.3999999999999995,6.3999999999999995,11.0,70.39999999999999,70.39999999999999
1047,Thyme Honey,Pantry Staples,Condiments,11.0,13.99,2.99,5.0,69.95,8.97
1048,Tiger Brand Basmathi5Kg,Pantry Staples,Rice,8.5,11.0,2.5,11.0,121.0,27.5
1050,Tomato & Basil Sauce,Pantry Staples,Sauce,0.0,2.990000000000001,2.990000000000001,13.0,38.87000000000001,38.87000000000001
1060,Toor Dhall 5Kg,Pantry Staples,Grains And Pulses,11.75,12.0,0.25,12.0,144.0,3.0
1062,Trahana Sweet 500G,Pantry Staples,Pasta,2.7999999999999985,3.989999999999999,1.1900000000000002,33.0,131.67,33.32000000000001
1072,Turmeric Powder100G,Pantry Staples,Spices,0.0,1.7999999999999992,1.7999999999999992,29.0,52.199999999999974,50.39999999999998
1075,U/R Chilli Powder Rabee,Pantry Staples,Spices,2.75,3.5,0.75,16.0,56.0,12.0
1076,Urid Flour 200 Wijaya,Pantry Staples,Flour,1.9000000000000001,2.99,1.09,7.0,20.93,6.54
1077,Urid Whole White 1Kg,Pantry Staples,Grains And Pulses,4.07,4.99,0.92,20.0,99.79999999999998,15.64
1078,V/ R Coconut Sambol 300G,Pantry Staples,Sauces,3.700000000000002,5.5,1.7999999999999992,28.0,154.0,50.39999999999998
1082,Vegetable Oil 2Lt,Pantry Staples,Oil,4.5,6.5,2.0,23.0,149.5,46.0
1083,Vegetable Oil 5Lt,Pantry Staples,Oil,8.5,12.0,3.5,5.0,60.0,17.5
1084,Vindaloo Masala 50G,Pantry Staples,Spices,0.0,2.5,2.5,8.0,20.0,20.0
1085,Vinegar 350Ml,Pantry Staples,Vinegar,2.8500000000000005,1.99,-0.8600000000000001,9.0,17.91,-7.740000000000001
1086,Virgin Coconut Oil 300Ml,Pantry Staples,Oil,3.95,5.5,1.55,4.0,22.0,6.2
1088,Virgin Olive Oil 1Lt,Pantry Staples,Oil,11.0,12.989999999999998,1.99,9.0,116.90999999999998,17.91
1090,Virgin Olive Oil 500G,Pantry Staples,Oil,5.0,6.49,1.49,2.0,12.98,2.98
1091,Virgin Olive Oil 500Ml,Pantry Staples,Oil,7.079999999999999,8.99,1.91,8.0,71.92,15.28
1092,Vss Virgin Coconut Oil 500G,Pantry Staples,Oil,6.400000000000001,7.489999999999998,1.09,18.0,134.81999999999996,18.53
1101,Welpenela Porridge 50G,Pantry Staples,Dry,1.0999999999999999,1.5999999999999999,0.5,8.0,12.799999999999999,4.0
1102,White Basmathi 1Kg Cic,Pantry Staples,Rice,3.1999999999999997,4.39,1.1899999999999997,7.0,30.73,8.329999999999998
1103,White Raw Rice 1Kg Cic,Pantry Staples,Rice,2.3500000000000005,3.5900000000000007,1.24,11.0,39.49000000000001,13.64
1104,White Raw Rice 5Kg Derana,Pantry Staples,Rice,9.95,12.990000000000002,3.0399999999999996,16.0,207.84000000000003,48.63999999999999
1105,White Sugar 1Kg,Pantry Staples,Baking,1.6000000000000003,2.2899999999999996,0.6899999999999997,15.0,34.349999999999994,10.349999999999996
1106,White Vinegar 500Ml,Pantry Staples,Vinegar,3.0,3.990000000000001,0.99,10.0,39.90000000000001,9.9
1108,Whole Chilli500G,Pantry Staples,Spices,5.25,7.990000000000001,2.74,9.0,71.91000000000001,24.660000000000004
1109,Wholemeal Flour 1Kg,Pantry Staples,Flour,1.6000000000000008,2.689999999999999,1.09,34.0,91.45999999999997,30.52
1111,Whte Rice Flour1Kg,Pantry Staples,Flour,0.0,2.9900000000000007,2.9900000000000007,13.0,38.870000000000005,35.88000000000001
1118,Wijaya Curry Powder 500G,Pantry Staples,Spices,4.5,6.5,2.0,31.0,201.5,62.0
1120,Wijaya Kurakkan Flour 400G,Pantry Staples,Flour,1.8999999999999995,2.990000000000001,1.09,19.0,56.810000000000024,19.62
1131,Yellow Mustard Seeds 100G,Pantry Staples,Spices,0.0,2.99,2.99,3.0,8.97,8.97
